user,userid
Jamiecameron00,33738552
Boredintheevening,19234557
ACB Smith,23934003
Stareditor45,41878804
Helper201,24323093
Josedimaria237,39471746
BarryHero,30208075
VoroSP,17135113
Rosguill,32763026
Bovineboy2008,3107162
Celestina007,29434718
Ernyoc20,40370499
Yogwi21,17090815
Vycl1994,19014806
John cena123,600636
Vaselineeeeeeee,21345908
MSport1005,41210608
Mufin777,22974035
Magnolia677,18130370
Mark Staffieri,1832013
Jadidjw,41898136
General Ization,770058
Rafter913,30217118
GoingBatty,11555324
AustinRedd007,35498713
BrewCityStu,41997513
JoeNMLC,39166520
Revirvlkodlaku,4904587
Killerkane003,41329967
Wabbittttt,42099512
GoodDay,589223
Rathfelder,398607
J. M.,281020
NatureLover96,31736546
JohnThorne,15160288
Pyruvate,24912435
Kommune12,39923290
LF1961,34850236
DMySon,36560904
JArmstrong95,36411318
TheGreatSG'rean,36415105
Firefly,724811
SarahTHunter,19350141
Surtsicna,6488475
Jpp858,9884969
Xclusivzik,35901048
Kristianmusic,37853633
14GTR,17170909
Itztim,41947113
Rtkat3,275202
JasonWikis,22484583
MisterArcher,42069153
SuperWIKI,32395809
BrownHairedGirl,754619
GregK123,26251215
Callmedarling,42095006
Jr Tahun,40514312
RexSueciae,28628355
Irgendeen,32765315
Anthony.marty,28179511
Cstickel(byu),38259405
Turaids,8725456
Chinakpradhan,39709440
ARH99,42018231
C.Fred,461300
TheAafi,36148677
Ruedi33a,10345586
Dunkykung,41061849
Acclesius,41527115
GrahamHardy,2956291
Abhishek0831996,21126366
Lord Belbury,32990417
إيان,17954829
Ampimd,25242445
Archives908,35041181
Nardog,5908908
Krici,33164280
BrandtM113,39346091
Ineffablebookkeeper,36320931
Donovan4v,40925125
Hipal,7862
Flying phoenix36,41659498
Dhtwiki,9475572
Pigsonthewing,26248
ItsSkV08,41921675
Epicgenius,17859592
Rectifier 1311,40961250
Whispyhistory,30823445
G. Moore,245456
Avilich,36246437
Lovewhatyoudo,20903639
Haldir Marchwarden,41355340
Chiswick Chap,2666701
Acrimonyl,33617341
KidsAndTheirGadgets,28440134
AbhiSuryawanshi,14562602
WildStar,7106101
Hellacioussatyr,31339567
Gummycow,40751078
The Sports Gnome,26574793
MegaSmike46,37104398
Heartmusic678,25312862
Shāntián Tàiláng,35271160
Pyrope,1153711
Tempo21,6356501
Kstenson86,37270253
Andriyrussu,14447512
Brojam,20923700
Malmmf,30152579
Flix11,14639338
Canadaolympic989,951524
Zefr,8565473
NMW03,30729844
Robby,1934512
Drdpw,8719036
Z z z Wink,42142208
Albertaont,39780446
Abskiee,24316741
Nobody94,32017488
Firsfron,158443
Iancash81,34193323
NOLA1982,28021428
K-Johnson 127,22176323
Vulk1,24508346
Beesechurg,41245546
Nafis Fuad Ayon,39828248
Denisarona,4770293
GoldRingChip,195596
Icyblue001,20974354
Oria 6,41785319
ResolutionsPerMinute,17171546
Tyg12,42103432
Nigel Ish,3000221
SBFCEdit,9689879
Julius177,16281806
SunDawn,18285885
SeoTae,30322915
Bri,82697
Spanneraol,363532
Daeri,12219461
Grimes2,28331428
KingEdinburgh,38385644
Sahajitbro,42011030
AquilaXIII,23440545
Wehwalt,458237
Amakuru,985645
Nightscream,204692
Ymblanter,14596827
Frank042316,22686218
TimyReading,36302531
Noelephant,39453567
JBW,1909773
RPH,138426
Thought Aquarium,40161709
JGHowes,3048829
MisterMacK,32484246
Kevo327,29669379
TheBellaTwins1445,25023886
CubaLatAmFilm1991,39317617
Léonardecam,42142200
Chesipiero,13272187
WesGeek,41280106
Precision123,18447580
Gerryyabes,546749
EnderYTV,40124014
Feroze Ahmad 2,23770343
Gri3720,12809580
Nehme1499,19273839
MaccWiki,41915091
Lamminiaz,34193639
DrRachT,42009486
ScottishFinnishRadish,41044949
Bearcat,24902
Cavanaughs,36970197
Wilhelm Tell DCCXLVI,38691548
RailwayJG,38827243
Frank Anchor,4659544
Kirubar,40009678
Saiful Islam Jitu,23592818
QuietHere,30699314
Fettlemap,16120725
Sebastianbrody,33410059
BlueandWhiteStripes,39168677
Christian75,1306352
EurovisionNim,20939083
KigToons,42102001
Guliolopez,262716
Patrickneil,468921
Weracco,42139473
PavKls,31376232
Lotje,10434788
Hiddenlogic,42135874
Ost316,6289403
Bizarre Bizarre,33081259
Zudo,21860424
AngusWOOF,15250126
Dolphyb,39569746
Chris the speller,525927
Pyeongchang,33050596
TimeVader,42142066
Filmfan149,41101663
Nelson Roy,41702476
DanCherek,40820929
Sandalwood33,21387049
Blue Square Thing,6863870
IronManCap,40256663
Gogolplex,35260689
Chocolateediter,33478816
Athene cheval,10759180
Geregen2,7972967
Neutrality,68411
Maliepa,12490782
Mcnickleguy57,39155454
80s Sam,37207423
Fraserhuk,42142150
Richie wright1980,7446133
Isaacjohnson1,24540293
UnitedStatesian,3461395
Hohum,134766
Joy goel,41764129
Labalius,3474005
Moonraker,9856656
Murgatroyd49,12845131
Itzhak Rosenberg,38803446
Cillbill,33021601
Philip Cross,124152
Rmcrae2015,25119641
Ivan Humphrey,11274542
Nigej,2961577
Frietjes,13791031
FOX 52,17622016
Llammakey,21878292
B324wki,36052103
Haurrix,26562149
Chowdhury07,42112032
Sportsfan 1234,20369716
Moreau1,5545776
Larry Hockett,15977090
BOZ,861759
Estopedist1,13892613
Valentinejoesmith,205654
Wbm1058,14383484
Harout72,4530300
NoahRiffe,16190123
Ekapoj yam,16330710
Love of Corey,33788042
BenPowling,25176755
Akuindo,13398104
H4MCHTR,37589021
Justus Nussbaum,1219123
Xpërt3,40852521
Keivan.f,14604687
Kelvinkirunyu,36918566
Colonies Chris,577301
Yerevantsi,15216445
Strattonsmith,40982560
Star Mississippi,5532431
Telenovelafan215,27068521
Julietta Swift,40381376
Jamiewilson,19409108
Jkaharper,913893
Abrilando232,41359422
Ashleyyoursmile,38062138
Gerda Arendt,10239913
Philotam,31031784
Notfrompedro,36042600
Champ1SSR,31472376
Gant223,41566687
Anianju,39564945
Sdpdude9,2334988
Jim Michael,11743147
Pi3.124,18731412
Anthony Appleyard,119438
RLal1970,39584840
Sfjohna,31256096
UncleTupelo1,14265315
Pournia,36466408
Anupamdutta73,38609351
Engine V10R,41845510
Ojorojo,7682128
Blue Pumpkin Pie,33304971
Limeylen,33393577
Charles01,1782633
BarnhallBoy,38892488
Fyrael,6675779
Kaethe17,35467209
4meter4,11612968
Onel5969,10951369
Levinas2021,42085630
Dora the Axe-plorer,39792493
Epinoia,9752746
Minnemeeples,40405020
Fotoguru,10693457
Abishe,30380496
Grandpallama,5406562
Michael.scranton21,42141695
Kahlores,16577346
Arthur Hirai,37711410
ThesePicklesLoveSosa,41646195
MasterZaydoo,39196560
EEng,6484069
Diegopeter2013,41970421
Pauli133,146032
Thebof,3481971
LM383,41341216
Ali Osman Afar,42138271
Twinbros04,33109956
Ser Amantio di Nicolao,753665
Anthony23066,35445609
Jmill1806,37579422
Jr2006Venz,41184904
JorgeLaArdilla,32780359
All Hallow's Wraith,5044346
Omnipaedista,8524693
UTILITY MESSIAH,42096095
Girth Summit,6225634
QuantumPulsar2002,39646765
Br Ibrahim john,40287609
Nialarfatem,41569543
MathPerson,3864210
ManfredHugh,36520827
Mcheesie79,39607785
FeralOink,15685779
PororoLee,41935221
Halfbricking,31327641
Qwerty123uiop,20068441
Tewapack,1370770
Ckruschke,7896724
Nhan2006,34609608
Favre1fan93,16120791
Vincentcosta,41768931
TapticInfo,41178423
Deisenbe,10077
Sahilsankrit,32653965
BriefEdits,28132416
Ebbedlila,41977899
Redf1veXW,41296547
Gold4278,33290600
8oym8,38782903
Irishpolitical,30604431
NickWilde,16003781
Ontoraul,3366403
Alexander Davronov,33011235
David Gerard,36389
19nik92,27102511
Fragglerock52,19472921
Criticalconsequence,40381869
Harfarhs,3096737
Yeepsi,11896266
Km148,38755709
JGabbard,1338849
DiamondRemley39,33476830
MichaelMaggs,1535071
Jjanhone,9455854
Kennethmank13,42103360
Connorm2000,35235608
NAOFC,31238651
ජපස,105537
GeeCee,360314
Keith1611,39747252
UniNoUta,31259745
Ken Tony,40281154
Mr.User200,24298590
GoAheadFan95,34465229
Pabouk,37789
Bagoto,16035602
Mealiyta,41712049
MAHosieAPS,40684241
Neosho Absecon,25503525
Dovid,188122
ErnestKrause,39720493
SanAnMan,14943992
MarsandCadmium,41880340
MrOllie,6908984
Frem3,29102181
Wyatt Tyrone Smith,35608441
WilliamJE,937448
JimPercy,11995711
Snowflake91,30085842
Xboxsponge15,36074267
Pi314m,29036493
Mitratanmoy,19288096
Mluczak77,37166195
Jevandezande,10810178
Langhorner,828666
JBediting,39436890
N2e,1143897
JoJan,58781
Ccamacho1989,40227643
Lettler,38890092
Talc22,42133449
SKennedy157,30652067
Ryanlo,38602736
SNUGGUMS,19269270
Korny O'Near,312556
Pol098,169132
Murtaza.aliakbar,36890623
Bs1jac,19054132
WikiNikkiWiki,42130085
HopsonRoad,3672900
BrazilianDude70,41132577
Fanoflionking,31623735
Grapepinky,41682248
Bhartzer,11909389
Soumyadip2005,41116445
The-Pope,920547
Unreal7,12374079
Muhandes,5630772
HangingCurve,42558
Stevenj,7918
MainlyTwelve,1487243
Dudley Miles,2340490
Russ Woodroofe,32423925
Mgold2009,23154042
InfiniteNexus,32904124
Spadar Sozhau,42136144
Miao870714,32461801
Lone-078,41263835
Hchristophersen,5037690
Rasvihari mishra,32482492
Kylesenior,6231464
Formula Downforce,41384138
White 720,2789093
A.A Prinon,40994167
CmtMgr,42142109
Intyre,23822232
Karma1998,30643446
88marcus,14327502
Alexis Jazz,2521907
Silveirinhabs,28988615
Hushpuckena,8965090
Chidgk1,26757177
Autarch,530793
BalkanianActuality,36994261
Ohnoitsjamie,507787
Sunshineisles2,10907185
SuperJew,9582401
Vulcan300,39392350
DragonflyDC,5256944
PopLizard86427,41587686
Klbrain,11677590
